{"cameraMode":{"drawMode":0,"name":"Shaded","section":"Shading Mode"},"sceneLighting":false,"audioPlay":false,"sceneViewState":{"m_AlwaysRefresh":false,"showFog":true,"showSkybox":false,"showFlares":true,"showImageEffects":true,"showParticleSystems":true,"showVisualEffectGraphs":true,"m_FxEnabled":true},"in2DMode":false,"pivot":{"x":0.011383920907974244,"y":1.4978824853897095,"z":207.4938201904297},"rotation":{"x":-0.49792176485061648,"y":0.47722747921943667,"z":-0.38950708508491518,"w":-0.6105153560638428},"size":0.8660253882408142,"orthographic":false}